site,site_id,subsite,subsite_id,depth,parameter,lat,lon,gbrmpa_reef_id,REEF_NAME,REEF_ID,REEF_lat,REEF_lon,1997-01,1997-02,1997-03,1997-04,1997-05,1997-06,1997-07,1997-08,1997-09,1997-10,1997-11,1997-12,1998-01,1998-02,1998-03,1998-04,1998-05,1998-06,1998-07,1998-08,1998-09,1998-10,1998-11,1998-12,1999-01,1999-02,1999-03,1999-04,1999-05,1999-06,1999-07,1999-08,1999-09,1999-10,1999-11,1999-12,2000-01,2000-02,2000-03,2000-04,2000-05,2000-06,2000-07,2000-08,2000-09,2000-10,2000-11,2000-12,2001-01,2001-02,2001-03,2001-04,2001-05,2001-06,2001-07,2001-08,2001-09,2001-10,2001-11,2001-12,2002-01,2002-02,2002-03,2002-04,2002-05,2002-06,2002-07,2002-08,2002-09,2002-10,2002-11,2002-12,2003-01,2003-02,2003-03,2003-04,2003-05,2003-06,2003-07,2003-08,2003-09,2003-10,2003-11,2003-12,2004-01,2004-02,2004-03,2004-04,2004-05,2004-06,2004-07,2004-08,2004-09,2004-10,2004-11,2004-12,2005-01,2005-02,2005-03,2005-04,2005-05,2005-06,2005-07,2005-08,2005-09,2005-10,2005-11,2005-12,2006-01,2006-02,2006-03,2006-04,2006-05,2006-06,2006-07,2006-08,2006-09,2006-10,2006-11,2006-12,2007-01,2007-02,2007-03,2007-04,2007-05,2007-06,2007-07,2007-08,2007-09,2007-10,2007-11,2007-12,2008-01,2008-02,2008-03,2008-04,2008-05,2008-06,2008-07,2008-08,2008-09,2008-10,2008-11,2008-12,2009-01,2009-02,2009-03,2009-04,2009-05,2009-06,2009-07,2009-08,2009-09,2009-10,2009-11,2009-12,2010-01,2010-02,2010-03,2010-04,2010-05,2010-06,2010-07,2010-08,2010-09,2010-10,2010-11,2010-12,2011-01,2011-02,2011-03,2011-04,2011-05,2011-06,2011-07,2011-08,2011-09,2011-10,2011-11,2011-12,2012-01,2012-02,2012-03,2012-04,2012-05,2012-06,2012-07,2012-08,2012-09,2012-10,2012-11,2012-12,2013-01,2013-02,2013-03,2013-04,2013-05,2013-06,2013-07,2013-08,2013-09,2013-10,2013-11,2013-12,2014-01,2014-02,2014-03,2014-04,2014-05,2014-06,2014-07,2014-08,2014-09,2014-10,2014-11,2014-12,2015-01,2015-02,2015-03,2015-04,2015-05,2015-06,2015-07,2015-08,2015-09,2015-10,2015-11,2015-12,2016-01,2016-02,2016-03,2016-04,2016-05,2016-06,2016-07,2016-08,2016-09,2016-10,2016-11,2016-12,2017-01,2017-02,2017-03,2017-04,2017-05,2017-06,2017-07,2017-08,2017-09,2017-10,2017-11,2017-12,2018-01,2018-02,2018-03,2018-04,2018-05,2018-06,2018-07,2018-08,2018-09,2018-10,2018-11,2018-12,2019-01,2019-02,2019-03,2019-04,2019-05,2019-06,2019-07,2019-08,2019-09,2019-10,2019-11,2019-12,2020-01,2020-02,2020-03,2020-04,2020-05,2020-06,2020-07,2020-08,2020-09,2020-10,2020-11,2020-12,2021-01,2021-02,2021-03,2021-04,2021-05,2021-06,2021-07,2021-08,2021-09,2021-10,2021-11,2021-12
High Island,1009,HIGHFL2,3179,4.0,Water Temperature,-17.1622,146.007,17-009,NORMANBY-MABEL REEF,17012A,-17.208333,146.083333,,,,,,,,,,,,,,,,,,,,,,,,,,,,,,,,,,,,,,,,,,,,,,,,,,,,,,,,,,,,,,,,,,,,,,,,,,,,,,,,,,,,,,,,,,,,,,,,,,,,,,,,,24.882448860182368,27.1508872311828,28.85935013888889,29.32971948924732,29.89274616935484,30.533880580357145,28.892897782258064,27.844575972222223,25.427238819444444,22.94685840277777,22.2546126344086,22.47935940860215,23.595634375,24.71877184139785,26.59684506944445,27.6405498655914,29.06494233870968,28.04517261904762,28.361377486559142,26.47374305555556,25.922027486559145,23.356350416666665,21.388827889784945,22.35790114247312,24.192666666666668,25.86096774193549,27.51881770833333,29.15352020833333,30.01771330645161,29.88617320402299,28.20922587365592,27.372350277777777,25.64769448924732,24.033225625000004,22.98406649797571,22.65558460854093,25.39805631944445,27.168935887096776,28.64295,29.789825873655914,29.749302688172044,29.39594494047619,29.46475201612904,28.778333333333336,25.99379838709677,24.67824347222222,24.06265443548387,23.71050870445345,,,,,,,,,,,,,,,,,,,,,,,,,,,,,,,,,,,,,,,,,,,,,,,,,,,,,,,,,,,,,,,,,,,,,,,,23.253779984798584,24.83129280092593,24.74383141025641,,,,,,,,,,,,,,,,,,,,,,,,,,,,,,,,,,,,,,,,,,,,,,,,,,,,,,,,,,,,,,,,,,,,,,,,,,
Humpy Island,1039,HUMPFL1,3259,4.0,Water Temperature,-23.2162,150.9638,23-016,MAST HEAD REEF,23069S,-23.541667,151.733333,,,,,,,,,,,,,,,,,,,,,,,,,,,,,,,,,,,,,,,,,,,,,,,,,,,,,,,,,,,,,,,,,,,,,,,,,,,,,,,,,,,,,,,,,,,,,,,,,,,,,,,,,,,,,,,,,,,,,21.44550819672131,22.9109375,24.512642807505213,25.59222595830532,26.454986559139787,26.559776785714284,26.94195362903226,24.925478775226164,24.239836583725623,20.982379430159835,18.56395228494624,19.67464314516129,21.03131849791377,23.489211693548388,24.79795062586927,25.45696949891068,,,,,,,18.74773970588236,18.79333245967742,21.03130833333333,23.318640255376344,25.429120763888893,27.767591599462364,27.60346384408601,27.34693638392857,26.60277096774194,25.57938118055556,23.41506939461884,,,,,,,,,,,,,,,,,,,,,,,,,,,,,,,,,,,,,,,,,,,,,,,,,,,,,,,,,,,,,,,,,,,,,,,,22.414783981841765,21.12039849537037,19.654018772401432,20.188448947132617,21.67528787037037,22.98408125,25.60282405092593,26.926299126344084,27.251774843189963,27.82714971264368,27.057088888888888,25.90029138888889,24.68865015375154,,,,,,,,,,,,,,,,,,,,,,,,,,,,,,,,,,,,,,,,,,,,,,,,,,,,,,,,,,,,,,,,,,,
Barren Island,1041,BARRFL1,3119,4.0,Water Temperature,-23.1578,151.0707,23-031,MAST HEAD REEF,23069S,-23.541667,151.733333,,,,,,,,,,,,,,,,,,,,,,,,,,,,,,,,,,,,,,,,,,,,,,,,,,,,,,,,,,,,,,,,,,,,,,,,,,,,,,,,,,,,,,,,,,,,,,,,,,,,25.127208381502893,23.93105625,22.32000631944444,20.88667432795699,20.619319086021505,22.24920958333333,24.33470389784946,26.74871770833333,28.6941061155914,29.32077688172043,29.05985513392857,27.17952822580645,26.255218819444448,24.00127553763441,21.29493534722222,20.54607251344086,20.701958333333334,21.2987308908046,22.68159811827957,24.223063933287005,25.289629032258063,26.221637768817207,26.568183035714284,26.8802620967742,25.08833680555556,24.393439811701413,21.51993611111111,19.0738938172043,19.78409072580645,20.86637361111111,23.19645417789757,24.462647916666665,25.322491304347825,,,,,,,18.957726724137927,19.06401868279569,20.91628229166667,23.03672103494624,25.19856027777778,27.736181518817205,27.510111088709674,27.175986160714285,26.52487130376344,25.505618194444445,23.59507746636772,,,,,,,,,,,,,,,,,,,,,,,,,,,,,,,,,,,,,,,,,,,,,,,,,,,,,,,,,,,,,,,,,,,,,,,,,,,,,,,,,,,,,,,,,,,,,,,,,,,,,,,,,,,,,,,,,,,,,,,,,,,,,,,,,,,,,,,,,,,,,,,,,,,,,,,
Bargara,1049,BUNSL1,3466,4.0,Water Temperature,-24.7989,152.4503,,LADY MUSGRAVE REEF,23082S,-23.908333,152.408333,,,,,,,,,,,,,,,,,,,,,,,,,,,,,,,,,,,,,,,,,,,,,,,,,,,,,,,,18.751735294117644,21.135875608061152,23.79588440860215,25.369285615010423,27.420273521505376,28.44741061827957,28.599020849420853,26.71423671822461,24.73301041666667,22.113733870967742,19.382904166666663,17.55940188172043,18.8355813172043,21.6800933908046,24.226856758574307,25.45351180555556,26.95984636118598,26.573950808625337,26.651887234042555,,,,,,,,,,,,,,,,,,,,,,,,,,,,,,,,,,,,,,,,,,,,,,,,,,,,,,,,,,,,,,,,,,,,,,,,,,,,,,,,,,,,,,,,,,,,,,,,,,,,,,,,,,,,,,,,,,,,,,,,,,,,,,,,,,,,,,,,,,,,,,,,,,,,,,,,,,,,,,,,,,,,,,,,,,,,,,,,,,,,,,,,,,,,,,,,,,,,,,,,,,,,,,,,,,,,,,,,,,,,,,,,,,
Shute and Tancred Islands,1058,SHTANFL1,3716,4.0,Water Temperature,-20.3009,148.7983,20-048,LANGFORD-BIRD REEF,20019S,-20.091667,148.875,,,,,,,,,,,,,,,,,,,,,,,,,,,,,,,,,,,,,,,,,,,,,,,,,,,,,,,,,,,,,,,,,,,,,,,,,,,,,,,,,,,,,,,,,,,,,,,,,,,,,,,,,,,,,,,,,,,,,,,,,,,,,,,,,,,,,,,,,,,,,,,,,,,,,,,,,,,,,,,,,,,,,,,,,,,,,,,,,,,,,,,,,,,,,,,,,,,,,,,,,,,,,,,,,24.06969270491804,22.63513037037037,21.19695674283154,20.94981514336917,22.28152895833333,24.049793077956988,26.08714798611112,28.05129603494624,28.833181160394265,28.42949171626984,28.78885963261649,27.688889953703704,24.82136216397849,22.50471601851852,21.654405958781364,22.16257125896057,23.52792055555556,24.1084873655914,26.593335046296293,28.123226545698923,28.86603732078853,29.630763026819924,28.774182414874552,27.31813412037037,26.541726666666666,,,,,,,,,,,,,,,,,,,,,,,,,,,,,,,,,,,,,,,,,,,,,,,,,,,,,,,,,,,,,,,,,,,
Northeast Reef,1060,NEFL1,3682,4.0,Water Temperature,-18.5718,146.4947,18-049,FANTOME (EUMILLI) ISLAND REEF,18053S,-18.675,146.516667,,,,,,,,,,,,,,,,,,,,,,,,,,,,,,,,,,,,,,,,,,,,,,,,,,,,,,,,,,,,,,,,,,,,,,,,,,,,,,,,,,,,,,,,,,,,,,,,,,,,,,,,,,,,,,,,,,,,,,,,,,,,,,,,,,,,,,,28.37666645907473,27.20340583333333,26.35603373655914,24.35465402777778,22.79532694214876,22.03115295735901,24.63554715277777,26.85798340053764,28.326169583333336,29.7219501344086,29.38002815860215,29.238818824404763,29.26645235215054,28.51787291666667,25.997525268817206,24.512835694444444,24.16363877688172,24.27440813172043,25.85368013888889,26.69064784946237,27.24914180555556,28.983159475806445,29.551843615591395,29.757129389880955,28.85240067204301,27.33069638888889,25.866657152588555,,,,,,,,,,,,,,,,,,,,,,,,,,,,,,,,,,,,,,,,,,,,,,,,,,,,,,,,,,,,,,,,,,,,,,,,26.409278958785247,25.247153078703704,23.87836218637993,23.18551521057348,24.61490131944444,26.58422741935484,27.614846458333336,28.95915721326165,29.84359708781362,29.87592336309524,29.90823369175627,27.49467078703704,25.21531711469534,23.231262546296293,23.1480105734767,23.87936875,24.984279212962964,26.507911491935484,27.14437585648148,28.929261984767024,28.970652956989248,28.86040597718254,28.24738149641577,27.312937546296293,26.410036956521736,,,,,,,,,,,,,,,,,,,,,,,,,,,,,,,,,,,,,,,,,,,
Pelican Island,1065,PELFL1,3120,4.0,Water Temperature,-23.2397,150.8742,23-017,MAST HEAD REEF,23069S,-23.541667,151.733333,,,,,,,,,,,,,,,,,,,,,,,,,,,,,,,,,,,,,,,,,,,,,,,,,,,,,,,,,,,,,,,,,,,,,,,,,,,,,,,,,,,,,,,,,,,,,,,,,,,,,,,,,23.43758,25.057821303763443,27.06459236111112,28.716964180107528,28.955604166666667,28.79806436011905,26.54610060483871,25.85120493055556,22.89713313172043,19.98770868055556,19.57860725806452,20.2867438844086,21.652600359195404,23.21024865591398,24.916651388888887,25.865118951612903,26.983510080645164,26.605662202380948,27.01704838709677,24.726647222222223,24.0087560483871,20.057583333333334,17.719569892473118,19.57398790322581,21.47013055555556,24.26827620967742,25.17951875,25.89988478260869,,,,,,,,,,,,,,,,,,,,,,,,,,,,,,,,,,,,,,,,,,,,,,,,,,,,,,,,,,,,,,,,,,,,,,,,,,,,,,,,,,,,,,,,,21.82367697795071,20.7668119212963,19.152395788530463,20.05010150089605,21.84866145833333,23.402404861111112,26.212245092592592,27.24321321684588,27.62284937275986,27.94987507183908,27.071104547491043,25.627260347222222,24.408443373493974,21.15914,19.91634,20.4252935483871,22.62640333333333,24.222861290322587,25.82711666666667,27.261360000000007,28.61276451612904,28.89118571428571,27.99237419354838,24.87784,22.789510000000003,21.003373333333336,21.10701935483871,21.525354838709674,22.45150344827587,25.19962580645161,25.570616666666663,27.38296129032258,28.315803225806444,27.60301851851852,27.17023870967742,25.461213333333333,24.2131,,,,,,,,,,,,,,,,,,,,,,,,,,,,,,,,,,,,,,,,,,,
Imperieuse Reef,1134,IMPERIEUSELAGSL1,9127,4.0,Water Temperature,-17.5358,118.9658,,BIRD ISLANDS REEF (NORTH),11167S,-11.766667,143.083333,,,,,,,,,,,,,,,,,,,,,,,,,,,,,,,,,,,,,,,,,,,,,,,,,,,,,,,,,,,,,,,,,,,,,,,,,,,,,,,,,,,,,,,,,,,,,,,,,,,,,,,,,,,,,,,,,,,,,,,,,,,,,,,,,,,,,,,,,,,,,,,,,,,,,,,,,,,,,,,,,28.058231359649124,26.98638777777778,26.425565456989247,25.90170168010753,25.851225555555555,27.338014045698923,29.08261266762452,29.41434513888889,29.38595562275986,29.169044469246032,29.46096969086021,29.015607754629627,27.415471169354834,25.965313587962964,25.3117279905914,,,,,,,,,,,,,,,,,,,,,,,,,,,,,,,,,,,,,,,,,,,,,,,,,,,,,,,,,,,,,,,,,,,,,,,,,,,,,,,,,,,,,,,,,,,,,,,,,,25.73448764880952,26.814596326164875,28.29453858796296,29.980432347670256,29.849403965053767,29.28059944923372,30.211103337813626,30.46743094907408,28.50076359767025,27.07570157407408,26.08407688172043,25.776039404121864,27.063526550925925,26.894410333333333,,,,,,,,,,,,,,
Woiz Reef,2304,WOIZSL1,10936,4.0,Water Temperature,-10.1741,143.226,,UGAR,00089S,-9.5075,143.544833,,,,,,,,,,,,,,,,,,,,,,,,,,,,,,,,,,,,,,,,,,,,,,,,,,,,,,,,,,,,,,,,,,,,,,,,,,,,,,,,,,,,,,,,,,,,,,,,,,,,,,,,,,,,,,,,,,,,,,,,,,,,,,,,,,,,,,,,,,,,,,,,,,,,,,,,,,,,,,,,,,,,,,,,,,,,,,,,,,,,,,,,,,,,,,,,,,,,,,,,,,,,,,,,,,,,,,,,,,28.958394918699188,28.70121758512545,28.786003472222223,27.559854905913976,26.52207078703704,25.87934551971326,25.59796798835125,26.019623958333334,26.13597179659498,27.91757939814815,29.305314829749104,30.07255436827957,30.34880464559387,30.82806129032258,29.649308148148148,28.659391778673832,28.00494965277778,26.9307518684604,,,,,,,,,,,,,,,,,29.6226768486917,29.80503734318996,29.01535034722222,29.76493799283154,29.092036759259265,27.514187275985662,26.14582210648148,25.52179744623656,25.534850089605737,25.680909097222223,26.667810707885305,28.36582604166667,30.08309935035842,29.25401635304659,29.020944419642856,29.22396005824373,28.8542950925926,27.62857253584229,26.396746875,25.617733579749103,25.13559433243728,25.22675340277777,26.060191980286746,27.3482263425926,29.24543362455197,30.388005846774192,29.95649228927203,29.60969115143369,29.05437680555556,27.768480309139782,26.58794664351852,25.71308718637993,26.04118615591398,25.832173564814816,26.699829637096773,28.32077340277777,29.829916039426525,29.96549092741936,28.98191183035714,29.134642607526885,29.07273407407408,27.842434117383515,26.685585046296296,26.625251478494626,26.26925925179212,26.181544328703705,27.69190654121864,29.14017916666667,30.279544578853045
Davies Reef,4,DAVAWSL1,4010,4.0,Water Temperature,-18.8312,147.6339,,DAVIES REEF,18096S,-18.825,147.641667,,,,,,,,,,,,,,,,,,,,,,,,,,,,,,,,,,,,,,,,,,,,,,,,,,,,,,,,,,,,,,,,,,,,,,,,,,,,,,,,,,,,,,,,,,,,,,,,,,,,,,,,,,,,,,,,,,,,,,,,,,,,,,,,,,,,,,,,,,,,,,,,,,,,,,,,,,,,,,,,,,,,,,,,,,,,,,,,,,,,,,,,,,,,,,,,,,,,,,,,,,,,,,,,,,,,,,,,,,,,,,,,,,,,,,,,,,,,,,,,,,,,,,,,,,,,,,,,,,,23.63543977994076,23.837184677419355,24.524936875,25.703139695340504,27.207764745370373,27.88696953405018,28.0873417562724,28.281194097222222,28.221462634408603,27.121960462962964,25.787424910394265,24.14633596743295,23.00835669802867,23.111585259856632,23.71784361111111,25.174243660394264,26.470773472222223,27.73865633960574,28.8159373655914,29.79249616858237,28.42382426075269,27.80903474537037,25.925462612007166,24.553931851851853,23.70039885752688,23.85333279569892,24.542627777777778,25.59057549283154,26.982460902777778,28.255857706093188,28.44777933333333,,,,,,,,,,,
Myrmidon Reef,7,MYRFL1,2631,4.0,Water Temperature,-18.2585,147.3814,18-034,MYRMIDON REEF,18034S,-18.266667,147.391667,,,,,25.131496698459284,23.974881944444444,23.199489247311824,23.813682795698927,24.60837387074357,25.38480808080808,26.505034722222224,28.392990591397847,28.49200403496974,29.497321428571425,28.379375000000003,28.12935416666667,27.03947222222222,25.4323125,24.59418010752688,25.12875672043011,26.06495138888889,27.04650067294751,27.749291174426688,28.330806993947547,28.848830645161293,28.81799107142857,28.264129119031605,27.03766355140187,25.758485868102287,24.922319444444444,24.069603494623657,23.32343413978495,24.443409722222217,25.69517821116341,26.85678248783877,27.209663299663298,28.53949596774193,28.35362787356322,27.9774126344086,27.096518415566365,25.776320361362057,23.987997222222223,23.56654704301075,23.23712701612904,24.384001388888887,26.02907526881721,27.38979027777778,27.54467720242098,28.06702822580645,28.690523809523807,28.73707728494624,27.21264668547249,26.686958219178084,25.3289625,24.83473252688172,24.23619220430108,24.89397361111111,26.27839717741936,27.72424582172702,28.95036987222596,29.62688373655914,29.633675925925925,28.45101478494624,27.319450694444445,26.37476075268817,24.68800972222222,23.744872311827965,23.83248319892473,24.70403125,25.25735685483871,26.22987083333333,27.639150537634407,28.14817204301075,28.87741294642857,28.12552708333334,27.793467361111112,26.20158602150538,25.305401114206127,24.26053638814016,24.31534498991257,24.752406532314108,25.73703024193549,26.39631458333333,28.056365164761267,29.06877956989247,29.376393371757924,28.493121639784945,26.86288397988506,26.2345558467742,25.01878340277778,24.000837903225808,24.64191599462366,24.585171666666668,25.730935147849465,27.271242291666667,28.014571102150537,28.61453380376344,29.36473273809524,28.694091599462368,27.60282645833333,26.00298098958333,24.79243958333333,23.996911290322576,23.65801747311828,24.60842291666667,26.220587205387204,27.343075,28.72302755376344,28.987421370967738,29.32727901785714,28.20618951612903,27.496402362751915,25.6030430396772,24.38915069444445,23.799800970873783,,,,,,,,,,26.3223006,25.65569,25.05509805107527,24.98650342741936,25.93538368055556,27.20305537634409,28.598723611111115,29.75070672043012,30.232363575268817,29.948834626436785,28.463144153225805,27.47880423611112,25.872971639784943,25.13685881944445,24.244219623655912,24.03823333333333,26.06884097222222,27.028434274193547,28.43955027777778,30.373524932795704,30.17715235215054,29.541854166666667,28.810966868279568,28.59917208333333,27.91053571428571,,,,,,,,,,,,,,,,,,,,,,,,,,,,,,,,,,,,,,,,,,,,,,,,,,,,,,,,,,,,,,,,,,,,,,,,25.788814937759337,25.57021279069768,,,,,,,,,,,,,,,,,,,,,,,,,,,,,,,,,,,,,,,,,,,,,,,,,,,,,,,,,,,,,,,,,,,,,,,,,,,,,,
Cattle Bay,856,CBFL2,2612,4.0,Water Temperature,-18.5719,146.4833,18-049,FANTOME (EUMILLI) ISLAND REEF,18053S,-18.675,146.516667,28.232866756393,28.73719474497681,27.53805779569893,26.205740097289784,24.700988567585743,22.87857638888889,21.41173063973064,22.15108870967742,24.024590277777776,25.77652553763441,26.91746408045977,28.12749663526245,28.21755720053836,30.598385416666662,28.81271505376344,28.21411971830986,26.25891780821918,24.03591794158553,22.55537634408602,23.16569892473118,24.16098920863309,,28.265748175182484,28.532856182795697,29.48803091397849,29.36171130952381,28.531819444444448,26.66581653926338,24.531095430107523,23.783541666666668,22.047883064516128,21.628170813718896,23.59451149425287,25.47577956989248,27.023972222222223,26.72388440860215,28.19800941492939,27.85508267433501,27.41001344989913,26.57033333333333,24.63251344086021,21.488333333333333,21.84256220578345,21.876763122476447,24.0644841954023,25.634325268817204,26.985359722222224,27.05333198924731,28.11670053835801,27.95941325390916,28.88718909825033,27.113115972222225,26.27893279569892,23.63744236111112,23.1030262273033,23.04418775235532,24.41630416666667,25.83447580645161,27.530534722222225,28.686120376597174,28.86823521505376,29.562855654761908,29.13907783182766,27.112402083333333,25.58727236045729,23.78941041666667,22.1821995967742,22.41283467741936,24.08903402777777,25.662411290322584,26.900303472222227,28.278060524546067,28.697639542703428,29.524643549589857,28.752096774193543,27.93524305555556,25.20685800807537,23.9406553161918,22.505802419354843,22.95041599462365,24.351020833333333,26.19510483870968,26.9011084086171,28.39981977135171,29.294584005376343,28.897598419540227,28.75908602150538,26.56382083333333,25.4815685483871,23.37050764951321,22.29310894418292,23.08438358008076,23.813487500000004,25.63706720430108,27.01555980528512,27.990016812373906,28.745609543010755,29.514027237654325,29.40036659946237,27.967743333333328,26.128016868279573,24.50605215277778,23.17586955645161,22.48315188172043,24.34623375,26.58864516129032,28.31460527777778,29.01288293010753,29.74122352150538,30.22192514880952,28.95358588709678,27.83930090277778,25.429922043010755,22.94063826388889,22.28679327956989,22.514758333333333,23.515642569444445,25.03394509408602,27.16382583333333,28.40503252688172,29.679300940860216,28.83736086309524,29.453709072580647,27.43883041666667,26.778080040322585,23.995135694444443,21.94873823924731,22.722337836021502,24.502098194444443,26.21726720430108,27.798771875,29.37482224462365,29.724840389784948,28.730916592261902,26.990878360215056,26.26415736111111,24.36273440860215,22.73030875,21.425172244623656,21.09655430107527,23.058689930555555,25.305581384408608,26.84351145833333,28.10392452956989,27.72931377688172,27.701738467261904,27.7311936827957,26.955801319444447,24.43868581989248,23.102970694444448,23.139463478260872,,,,,,,,,,,,,,,,,,,,,,,,,,,,,,,,,,,,,,,,,,,,,,,,,,,,,,,,,,,,,,,,,,,,,,,,,,,,,,,,,,,,,,,,,,,,,,,,,,,,,,,,,,,,,,,,,,,,,,,,,,,,,,,,,,,,,,,,,,,,,,,,,,,,,
Daydream Island,866,DAYFL1,2949,4.0,Water Temperature,-20.2557,148.8122,20-035,LANGFORD-BIRD REEF,20019S,-20.091667,148.875,28.24648521505376,28.70391369047619,27.02681451612904,25.94857341684064,24.72588129496403,,,,,,,,,,,,,,,,,,,,,,,,,22.66398176291793,20.841418010752687,20.318716397849464,22.13975,24.12307795698925,26.01163194444445,25.980188298587755,27.41659703504043,27.21213669064748,26.81689516129032,26.152934631432544,23.52729838709677,20.54482279360667,20.729724462365592,21.212938802958977,22.819041666666667,24.452475,25.94999375,26.61109912339852,27.183594485541363,27.65981161578556,28.29304301075269,26.234881250000004,25.65917002688172,23.14539303135888,21.86907407407408,22.277628629304527,23.175995138888894,24.87970326615705,26.85566157053509,28.32946102150538,29.638389784946234,29.56159375,28.484066532258066,26.71337613398465,25.084421370967743,23.59341875,21.545084962913016,21.507536339165547,22.634140900195693,24.66202352150537,26.124041000694923,27.53019623655914,27.867268145161287,28.30685267857143,27.645120295698923,27.130575694444445,24.55985551075269,23.34124930555556,21.841377688172045,22.07226545698925,23.55803402777778,25.41333691997309,26.468333333333334,27.825676075268817,29.10130867518493,29.353610791366908,28.53618090114324,26.171405172413795,25.083458333333333,22.923091666666668,21.71982930107527,21.978005376344083,22.808925,24.958336693548382,26.927943055555552,27.766477150537632,28.113351478494625,28.585417410714285,28.032740591397847,26.17364027777778,24.57213978494624,23.19117638888889,22.08530763888889,21.419956048387096,22.92734944444444,26.09028743279569,27.65444736111111,29.173433131720422,29.26873461021505,29.28172232142857,28.12941202956989,27.232891666666667,25.017517638888886,22.529485069444444,22.0216873655914,22.345494086021507,23.10447555555556,24.28445356182796,26.27019965277778,27.32056787634409,28.430034139784947,27.882318154761904,28.131989112903224,26.373209791666664,25.75938192204301,23.31273604166667,21.007494153225807,21.31522836021505,22.955660625,25.11720047043012,26.59580201388889,28.10046118055556,29.28977237903226,29.51566084770115,27.33365672043011,26.69665104166667,25.38099616935484,23.16553638888889,22.00984247311828,21.567772916666662,23.236401020408163,24.70289397260274,26.52669125,28.772804301075265,28.261617338709684,27.73266160714286,27.28984448924731,26.74527381944445,24.38019805107527,23.29726805555556,22.33195734042553,,,,,,,,,,,,,,,,,,,,,,,,,,,,,,,,,,,,,,,,,,,,,,,,,,,,,,,,,,24.116780062571102,22.60986895833333,21.21550654121864,20.90108082437276,22.17765002314815,23.93923237007168,25.85813467592593,27.81473080197133,28.469695542114696,27.98896222718254,28.34904206989248,27.276184328703703,24.48076093189964,22.14370761574074,21.360706048387097,21.82811516577061,23.128999050925923,23.706783467741936,26.269056990740744,27.769186559139783,28.57931344086021,29.386235153256703,28.53433019713261,27.074874027777778,26.37938333333333,,,,,,,,,,,,,,,,,,,,,,,,,,,,,,,,,,,,,,,,,,,,,,,,,,,,,,,,,,,,,,,,,,,
Geoffrey Bay,923,GBSL1,2779,4.0,Water Temperature,-19.1567,146.8617,19-009,HAVANNAH REEF,18065S,-18.85,146.541667,,,,,,,,,,,,,,,,,,,,,,,,,,,,,,,,,,,,,,,,,,,,,,,,,,,,,,,,,,,,,,,,,,,,,,,,,,,,,,,,,,,,,,,,,,,,,,,,,,,,,,,,,,,,,,,,,,,,,,,,,,,,,,,,,,,,,,,,,,,,,,,,,,,,,,,,,,,,,,,,,,,,,,,,,,,,,,,,,,,,,,,,,,,,,,,,,,,,,,,,,,,,,,,,,,,,,,,,,,,,,,,,,,,,,,,,,,,,,,,,,,,,,,,,,,,,,,,,,,,,,,,,,,,,,,,,,,,,,,,,,,,,,,,,,,,,,,,,,,,,
Middle Island,962,MIIFL1,2909,4.0,Water Temperature,-23.1633,150.9217,23-010,MAST HEAD REEF,23069S,-23.541667,151.733333,26.29826496301278,27.49534970238096,26.06821788836584,24.64642361111111,22.3819623655914,20.28846527777777,19.056267281105992,,,,,,,,,,,,,,,,,,,,,,,,,,,,,,,,,,,,,,,,,,,,,,,,,,,,,,,,,,,,,,,,,,,,,,,,,,,,,,,,,,,,,,,,,,,,,,,,,,,,,,,,,,,,,,,,,,,,,,,,,,,,,,,,,,,,,,,,,,,,,,,,,,,,,,,,,,,,,,,,,,,,,,,,,,,,,,,,,,,,,,,,,,,,,,,,,,,,,,,,,,,,,,,,,,,,,,,,,,,,,,,,,,,,,,,,,,,,,,,,,,,,,,,,,,,,,,,,,,,,,,,,,,,,,,,,,,,,,,,,,,,,,,,,,,,,,
Pine Island,986,PINEFL1,3079,4.0,Water Temperature,-20.378,148.8884,20-061,BORDER ISLAND REEF (NO 1),20067A,-20.175,149.025,,,,,,,,,,,,,,,,,,,,,,,,,,,,,,,,,,,,,,,,,,,,,,,,,,,,,,,,,,,,,,,,,,,,,,,,,,,,,,,,,,,,,,,,,,,,,,,,,,,,,,,21.62282587548638,21.02159825033648,22.574009027777777,25.553754032258063,27.271651388888888,28.73141196236559,28.96336693548388,29.03983110119048,27.83514516129032,26.92765555555555,24.75980333333333,22.164701875,21.543174126344084,21.99749616935484,22.72329555555556,23.95385826612904,25.754047013888886,26.92173776881721,27.916364180107525,27.242395684523807,27.65328225806452,25.91850881944444,25.306098387096768,22.897317708333333,20.616298319892472,20.93796706989248,22.533782291666665,24.7372374327957,26.23600090277778,27.67711069444444,28.185019690860216,28.20521242816092,26.143390120967744,25.512787777777778,24.161154771505373,22.07698798611112,21.128244899425287,21.441499193548385,23.22164673611111,25.69138293010753,27.537528888888893,29.91135329301075,29.50474952956989,28.79102738095237,28.515314381720422,27.928765416666668,25.372277352150544,24.43316076388889,22.74368459897611,22.38541339605735,24.312042569444444,25.39593682795699,25.86109993055556,27.94594966397849,28.43750235215054,28.76994015376984,27.555705286738352,26.13655025462963,24.66924825268817,23.38067659128978,,,,,,,,,,,,,,,,,,,,,,,,,,,,,,,,,,,,,21.40069716312057,22.15094307795699,23.245281666666667,25.581900470430107,26.818225509259257,27.749823521505377,28.329231608422937,27.25830845734127,26.62260201612904,26.85157310185185,26.39061803030303,,,,,,,,,,,,,,21.383969060585432,22.099723991935484,23.44866344907408,23.99926926817971,26.4287662962963,27.956717226702512,28.711092648467435,29.38950785440613,28.478061738351258,27.02121423611112,25.8985853046595,24.41678474537037,23.12351516577061,22.211302934587817,22.691365086887835,,,,,,,,,,,,,,,,,,,,,,,,,,,,,,,,,,,,,,,,,,,,,,,,,,,,,,,,,,,,,,,
Double Cone,988,DBLCFL1,3084,4.0,Water Temperature,-20.1046,148.7218,20-024,LANGFORD-BIRD REEF,20019S,-20.091667,148.875,,,,,,,,,,,,,,,,,,,,,,,,,,,,,,,,,,,,,,,,,,,,,,,,,,,,,,,,,,,,,,,,,,,,,,,,,,,,,,,,,,,,,,,,,,,,,,,,,,,,,,,21.95935408921933,21.489692876344087,22.731290972222222,25.61854704301076,27.22264652777778,28.637596774193543,28.866402553763443,29.09191666666668,27.955068548387093,27.060261805555555,25.276799375000003,23.219084791666663,22.47038985215053,22.374470833333334,23.251177361111115,24.231389986559144,26.17911444444444,27.285686559139787,28.344701478494624,27.88476138392857,28.11260168010753,26.421125555555555,25.770879838709675,23.50798298611111,21.133671706989247,21.45927043010753,23.02214916666666,25.06472049731183,26.54761673611111,27.548744291338583,,,,,,,,,,,,,,,,,,,,,,,,,,,,,,,,,,,,,,,,,,,,,,,,,,,,,,,,,,,,,,,,,,,,,,,,,,,,,,,,,,,,,,,,,,,,,,,,,,,,,26.16397386961093,24.571531157407406,23.533691218638,22.6254708109319,23.10980102685624,,,,,,,,,,,,,,,,,,,,,,,,,,,,,,,,,,,,,,,,,,,,,,,,,,,,,,,,,,,,,,,
Seaforth Island,990,SEAFFL1,3086,4.0,Water Temperature,-20.4685,149.0389,20-095,BORDER ISLAND REEF (NO 1),20067A,-20.175,149.025,,,,,,,,,,,,,,,,,,,,,,,,,,,,,,,,,,,,,,,,,,,,,,,,,,,,,,,,,,,,,,,,,,,,,,,,,,,,,,,,,,,,,,,,,,,,,,,,,,,,,,,21.47589819004525,20.94980955585464,22.451360416666667,25.39898252688172,27.12711597222222,28.563220430107528,28.83904301075269,28.999287946428574,27.75785743106926,26.843870743571927,24.59909263888889,22.30572791666667,21.576869220430105,21.977901276881724,22.803785416666667,24.066887567204297,25.912076111111112,27.023154905913977,28.052667943548386,27.42083668154762,27.85871048387097,26.13306111111111,25.47183555107527,22.78350107758621,20.640593682795696,20.92219186827957,22.474813125,24.63989979838709,26.04983062500001,27.5327934811828,27.96156754032258,28.052093750000004,26.05987573924731,25.26179506944445,23.89717688172043,22.037223402777776,20.75069469086021,20.297979637096773,22.07386084507042,24.65892790368272,26.401022986111112,28.547082862903228,28.24246176075269,27.647143005952383,27.24757580645161,26.624527638888885,24.502668522267207,,,,,,,,,,,,,,,,,,,,,,,,,,,,,,,,,,,,,,,,,,,,,,,,,,,,,,,,,,,,,,,,,,,,,,,,,,21.290101906058545,21.968415120967745,23.35591810185185,23.94374025462963,26.32608349537037,27.84814511648745,28.656057136015328,29.24499034961686,28.358161155913976,26.980866898148147,25.82369092741936,24.384212638888886,22.93093944892473,22.02474410842294,23.28672384259259,25.48917603046595,26.85469743055556,28.03154805107527,28.41022505995204,,,,,,,,,,,,,,,,,,,,,,,,,,,,,,,,,,,,,,,,,,,,,,,,,,,,,,,,,,,
